,OBJECTID,Data_Numbe,Codes,Site_Name,Latitude,Longitude,Elevation,minD,maxD,No__Temps,Gradient,No__Cond_,Conductivi,No_Heat_Pr,Heat_Prod_,Heat Flow,No__sites,Year_of_Pu,Reference,Comments,Comments2,geometry
2,4401,4826,<null>,ALBARON,43.5767,4.43,524,0,270,1,0,0,0.0,<null>,<null>,144.0,1,1991,Lucazeau_etal1991,Lucazeau_etal1991,borehole,POINT (4.43 43.5767)
38,4481,4866,<null>,CAMPAGN,43.76,4.3817,84,0,1016,1,0,0,0.0,<null>,<null>,111.0,<null>,1991,Lucazeau_etal1991,Lucazeau_etal1991,borehole,POINT (4.3817 43.76)
69,4549,4902,<null>,GALLICI,43.6367,4.2867,1,0,2026,3,0,0,0.0,<null>,<null>,95.0,<null>,1991,Lucazeau_etal1991,Lucazeau_etal1991,borehole,POINT (4.2867 43.6367)
70,4551,4903,<null>,GALLICI,43.6367,4.2767,4,0,2000,1,0,0,0.0,<null>,<null>,121.0,<null>,1991,Lucazeau_etal1991,Lucazeau_etal1991,borehole,POINT (4.2767 43.6367)
82,4577,4917,<null>,GREOUX,43.7417,5.8767,329,0,1788,2,0,0,0.0,<null>,<null>,97.0,<null>,1991,Lucazeau_etal1991,Lucazeau_etal1991,borehole,POINT (5.8767 43.7417)
83,4579,4918,<null>,GREOUX,43.7367,5.86,289,0,1037,3,0,0,0.0,<null>,<null>,81.0,<null>,1991,Lucazeau_etal1991,Lucazeau_etal1991,borehole,POINT (5.86 43.7367)
88,4584,4923,<null>,ISCLES1,43.6067,4.3583,2,0,1787,2,0,0,0.0,<null>,<null>,89.0,<null>,1991,Lucazeau_etal1991,Lucazeau_etal1991,borehole,POINT (4.3583 43.6067)
89,4585,4924,<null>,ISCLES2,43.6117,4.3983,1,0,690,1,0,0,0.0,<null>,<null>,91.0,<null>,1991,Lucazeau_etal1991,Lucazeau_etal1991,borehole,POINT (4.3983 43.6117)
90,4586,4925,<null>,ISTRES,43.5317,4.9617,0,0,3454,3,0,0,0.0,<null>,<null>,111.0,<null>,1991,Lucazeau_etal1991,Lucazeau_etal1991,borehole,POINT (4.9617 43.5317)
123,4652,4963,<null>,MILHAUD,43.7817,4.3333,27,0,900,2,0,0,0.0,<null>,<null>,109.0,<null>,1991,Lucazeau_etal1991,Lucazeau_etal1991,borehole,POINT (4.3333 43.7817)
124,4654,4964,<null>,MILHAUD,43.7817,4.3317,21,0,780,1,0,0,0.0,<null>,<null>,124.0,<null>,1991,Lucazeau_etal1991,Lucazeau_etal1991,borehole,POINT (4.3317 43.7817)
149,4710,4994,<null>,PTDEM,43.51,5.635,575,0,1938,5,0,0,0.0,<null>,<null>,57.0,<null>,1991,Lucazeau_etal1991,Lucazeau_etal1991,borehole,POINT (5.635 43.51)
178,4770,5025,<null>,STECECI,43.615,4.5683,3,0,2825,3,0,0,0.0,<null>,<null>,79.0,<null>,1991,Lucazeau_etal1991,Lucazeau_etal1991,borehole,POINT (4.5683 43.615)
179,4772,5026,<null>,STEMARI,43.46,4.4367,1,0,2726,3,0,0,0.0,<null>,<null>,71.0,<null>,1991,Lucazeau_etal1991,Lucazeau_etal1991,borehole,POINT (4.4367 43.46)
180,4774,5027,<null>,STEMARI,43.46,4.4367,1,0,710,1,0,0,0.0,<null>,<null>,129.0,<null>,1991,Lucazeau_etal1991,Lucazeau_etal1991,borehole,POINT (4.4367 43.46)
182,4778,5029,<null>,STVERAN,43.7067,4.2833,27,0,2480,1,0,0,0.0,<null>,<null>,121.0,<null>,1991,Lucazeau_etal1991,Lucazeau_etal1991,borehole,POINT (4.2833 43.7067)
271,13296,Austria,<null>,Traunsee,47.8717,13.8017,-137,0,0,0,0,0,0.0,<null>,<null>,138.0,1,1973,Haenel&Zoth1973,Haenel&Zoth1973,lake (oceanic),POINT (13.8017 47.8717)
272,13297,Austria,<null>,Traunsee,47.8717,13.8017,-189,0,0,0,0,2,0.98,<null>,<null>,128.0,1,1973,Haenel&Zoth1973,Haenel&Zoth1973,lake (oceanic),POINT (13.8017 47.8717)
273,13298,Austria,<null>,Klopeiner See,46.6033,14.5833,-44,0,0,0,0,0,0.0,<null>,<null>,120.0,1,1973,Haenel&Zoth1973,Haenel&Zoth1973,lake (oceanic),POINT (14.5833 46.6033)
274,13299,Austria,<null>,Laengsee,46.79,14.425,-24,0,0,0,0,0,0.0,<null>,<null>,119.0,1,1973,Haenel&Zoth1973,Haenel&Zoth1973,lake (oceanic),POINT (14.425 46.79)
275,13300,Austria,<null>,Fuschlsee,47.8033,13.2767,-64,0,0,0,0,3,0.86,<null>,<null>,115.0,1,1973,Haenel&Zoth1973,Haenel&Zoth1973,lake (oceanic),POINT (13.2767 47.8033)
276,13301,Austria,<null>,Dornbirn,47.435,9.74,730,0,2820,2,0,1,0.0,<null>,<null>,115.0,1,1983,Bodmer1983,Bodmer1983,borehole,POINT (9.74 47.435)
277,13302,Austria,<null>,Klopeiner See,46.6033,14.5833,-44,0,0,0,0,2,0.68,<null>,<null>,114.0,1,1973,Haenel&Zoth1973,Haenel&Zoth1973,lake (oceanic),POINT (14.5833 46.6033)
278,13303,Austria,<null>,Laengsee,46.79,14.425,-22,0,0,0,0,2,0.84,<null>,<null>,108.0,1,1973,Haenel&Zoth1973,Haenel&Zoth1973,lake (oceanic),POINT (14.425 46.79)
279,13304,Austria,<null>,Woerther See,46.6167,14.22,-64,0,0,0,0,2,0.71,<null>,<null>,105.0,1,1973,Haenel&Zoth1973,Haenel&Zoth1973,lake (oceanic),POINT (14.22 46.6167)
280,13305,Austria,<null>,Plansee,47.4717,10.7983,-74,0,0,0,0,0,0.0,<null>,<null>,103.0,1,1973,Haenel&Zoth1973,Haenel&Zoth1973,lake (oceanic),POINT (10.7983 47.4717)
281,13306,Austria,<null>,Woerther See,46.6267,14.14,-84,0,0,0,0,2,0.74,<null>,<null>,99.0,1,1973,Haenel&Zoth1973,Haenel&Zoth1973,lake (oceanic),POINT (14.14 46.6267)
282,13307,Austria,<null>,Achensee,47.45,11.7067,-121,0,0,0,0,2,1.19,<null>,<null>,97.0,1,1973,Haenel&Zoth1973,Haenel&Zoth1973,lake (oceanic),POINT (11.7067 47.45)
283,13308,Austria,<null>,Plansee,47.4717,10.7983,-75,0,0,0,0,2,1.04,<null>,<null>,95.0,1,1973,Haenel&Zoth1973,Haenel&Zoth1973,lake (oceanic),POINT (10.7983 47.4717)
284,13309,Austria,<null>,Attersee,47.925,13.5667,-108,0,0,0,0,0,0.91,<null>,<null>,94.0,1,1973,Haenel&Zoth1973,Haenel&Zoth1973,lake (oceanic),POINT (13.5667 47.925)
285,13310,Austria,<null>,Attersee,47.8983,13.555,-127,0,0,0,0,0,0.82,<null>,<null>,94.0,1,1973,Haenel&Zoth1973,Haenel&Zoth1973,lake (oceanic),POINT (13.555 47.8983)
286,13311,Austria,<null>,Woerther See,46.6167,14.22,-70,0,0,0,0,0,0.0,<null>,<null>,92.0,1,1973,Haenel&Zoth1973,Haenel&Zoth1973,lake (oceanic),POINT (14.22 46.6167)
287,13312,Austria,<null>,Fuschlsee,47.8033,13.2767,-64,0,0,0,0,0,0.0,<null>,<null>,92.0,1,1973,Haenel&Zoth1973,Haenel&Zoth1973,lake (oceanic),POINT (13.2767 47.8033)
288,13313,Austria,<null>,Zeller See,47.32,12.805,-68,0,0,0,0,0,0.0,<null>,<null>,91.0,1,1973,Haenel&Zoth1973,Haenel&Zoth1973,lake (oceanic),POINT (12.805 47.32)
289,13314,Austria,<null>,Woerther See,46.62,14.0783,-70,0,0,0,0,2,0.78,<null>,<null>,90.0,1,1973,Haenel&Zoth1973,Haenel&Zoth1973,lake (oceanic),POINT (14.0783 46.62)
290,13315,Austria,<null>,Achensee,47.45,11.7067,-124,0,0,0,0,0,0.0,<null>,<null>,89.0,1,1973,Haenel&Zoth1973,Haenel&Zoth1973,lake (oceanic),POINT (11.7067 47.45)
291,13316,Austria,<null>,Attersee,47.8167,13.5267,-165,0,0,0,0,0,0.0,<null>,<null>,89.0,1,1973,Haenel&Zoth1973,Haenel&Zoth1973,lake (oceanic),POINT (13.5267 47.8167)
292,13317,Austria,<null>,Achensee,47.4617,11.7067,-132,0,0,0,0,0,1.05,<null>,<null>,87.0,1,1973,Haenel&Zoth1973,Haenel&Zoth1973,lake (oceanic),POINT (11.7067 47.4617)
293,13318,Austria,<null>,Woerther See,46.6267,14.14,-44,0,0,0,0,0,0.0,<null>,<null>,86.0,1,1973,Haenel&Zoth1973,Haenel&Zoth1973,lake (oceanic),POINT (14.14 46.6267)
294,13319,Austria,<null>,Attersee,47.8167,13.5267,-162,0,0,0,0,0,0.9,<null>,<null>,85.0,1,1973,Haenel&Zoth1973,Haenel&Zoth1973,lake (oceanic),POINT (13.5267 47.8167)
295,13320,Austria,<null>,Achensee,47.4817,11.7067,-131,0,0,0,0,0,1.05,<null>,<null>,85.0,1,1973,Haenel&Zoth1973,Clark1961; Haenel&Zoth1973,tunnel,POINT (11.7067 47.4817)
296,13321,Austria,<null>,Woerther See,46.62,14.0783,-80,0,0,0,0,0,0.0,<null>,<null>,84.0,1,1973,Haenel&Zoth1973,Haenel&Zoth1973,lake (oceanic),POINT (14.0783 46.62)
297,13322,Austria,<null>,Zeller See,47.32,12.805,-70,0,0,0,0,0,0.89,<null>,<null>,83.0,1,1973,Haenel&Zoth1973,Haenel&Zoth1973,lake (oceanic),POINT (12.805 47.32)
298,13323,Austria,<null>,Attersee,47.8533,13.54,-162,0,0,0,0,0,0.95,<null>,<null>,82.0,1,1973,Haenel&Zoth1973,Haenel&Zoth1973,lake (oceanic),POINT (13.54 47.8533)
299,13324,Austria,<null>,Plansee,47.4583,10.78,-60,0,0,0,0,2,1.21,<null>,<null>,81.0,1,1973,Haenel&Zoth1973,Haenel&Zoth1973,lake (oceanic),POINT (10.78 47.4583)
300,13325,Austria,<null>,Hechtsee,47.61,12.165,0,0,0,0,0,0,0.0,<null>,<null>,80.0,<null>,1991,Hurtig_etal1991,Hurtig_etal1991,<null>,POINT (12.165 47.61)
301,13326,Austria,<null>,Millstaetter See,46.8083,13.5417,-98,0,0,0,0,0,0.8,<null>,<null>,78.0,1,1973,Haenel&Zoth1973,Haenel&Zoth1973,lake (oceanic),POINT (13.5417 46.8083)
302,13327,Austria,<null>,Plansee,47.4583,10.78,-60,0,0,0,0,0,0.0,<null>,<null>,74.0,1,1973,Haenel&Zoth1973,Haenel&Zoth1973,lake (oceanic),POINT (10.78 47.4583)
303,13328,Austria,<null>,Weissensee,46.7117,13.3317,-45,0,0,0,0,0,0.0,<null>,<null>,73.0,1,1973,Haenel&Zoth1973,Haenel&Zoth1973,lake (oceanic),POINT (13.3317 46.7117)
304,13329,Austria,<null>,St. Wolfgang See,47.755,13.3867,-112,0,0,0,0,0,0.0,<null>,<null>,73.0,1,1973,Haenel&Zoth1973,Haenel&Zoth1973,lake (oceanic),POINT (13.3867 47.755)
306,13331,Austria,<null>,Millstaetter See,46.7967,13.5817,-124,0,0,0,0,0,0.95,<null>,<null>,72.0,1,1973,Haenel&Zoth1973,Haenel&Zoth1973,lake (oceanic),POINT (13.5817 46.7967)
307,13332,Austria,<null>,Millstaetter See,46.755,13.6283,-134,0,0,0,0,0,0.97,<null>,<null>,70.0,1,1973,Haenel&Zoth1973,Haenel&Zoth1973,lake (oceanic),POINT (13.6283 46.755)
309,13334,Austria,<null>,Hallstaetter See,47.58,13.6617,-124,0,0,0,0,0,0.0,<null>,<null>,68.0,1,1973,Haenel&Zoth1973,Haenel&Zoth1973,lake (oceanic),POINT (13.6617 47.58)
310,13335,Austria,<null>,Toplitzsee,47.6583,13.9317,-62,0,0,0,0,3,0.7,<null>,<null>,67.0,1,1973,Haenel&Zoth1973,Haenel&Zoth1973,lake (oceanic),POINT (13.9317 47.6583)
311,13336,Austria,<null>,Toplitzsee,47.6583,13.9317,-97,0,0,0,0,0,0.0,<null>,<null>,67.0,1,1973,Haenel&Zoth1973,Haenel&Zoth1973,lake (oceanic),POINT (13.9317 47.6583)
313,13338,Austria,<null>,Toplitzsee,47.6583,13.9317,-62,0,0,0,0,0,0.0,<null>,<null>,67.0,1,1973,Haenel&Zoth1973,Haenel&Zoth1973,lake (oceanic),POINT (13.9317 47.6583)
314,13339,Austria,<null>,St. Wolfgang See,47.755,13.3867,-110,0,0,0,0,0,0.0,<null>,<null>,67.0,1,1973,Haenel&Zoth1973,Haenel&Zoth1973,lake (oceanic),POINT (13.3867 47.755)
315,13340,Austria,<null>,Weissensee,46.7033,13.3633,-70,0,0,0,0,0,0.86,<null>,<null>,66.0,1,1973,Haenel&Zoth1973,Haenel&Zoth1973,lake (oceanic),POINT (13.3633 46.7033)
316,13341,Austria,<null>,St. Wolfgang See,47.755,13.3867,-112,0,0,0,0,0,0.0,<null>,<null>,64.0,1,1973,Haenel&Zoth1973,Haenel&Zoth1973,lake (oceanic),POINT (13.3867 47.755)
318,13343,Austria,<null>,Hallstaetter See,47.5583,13.6567,-102,0,0,0,0,2,0.92,<null>,<null>,64.0,1,1973,Haenel&Zoth1973,Haenel&Zoth1973,lake (oceanic),POINT (13.6567 47.5583)
319,13344,Austria,<null>,Hallstaetter See,47.58,13.6617,-124,0,0,0,0,2,1.03,<null>,<null>,62.0,1,1973,Haenel&Zoth1973,Haenel&Zoth1973,lake (oceanic),POINT (13.6617 47.58)
321,13346,Austria,<null>,Tauren (Bo),47.2,13.4333,0,0,0,0,0,0,0.0,<null>,<null>,60.0,<null>,1991,Hurtig_etal1991,Hurtig_etal1991,<null>,POINT (13.4333 47.2)
327,13352,Austria,<null>,Hallstaetter See,47.5583,13.6567,-112,0,0,0,0,0,0.0,<null>,<null>,59.0,1,1973,Haenel&Zoth1973,Haenel&Zoth1973,lake (oceanic),POINT (13.6567 47.5583)
329,13354,Austria,<null>,Weissensee,46.7033,13.3633,-71,0,0,0,0,2,0.85,<null>,<null>,57.0,1,1973,Haenel&Zoth1973,Haenel&Zoth1973,lake (oceanic),POINT (13.3633 46.7033)
333,13358,Austria,<null>,Fuschlsee,47.8033,13.2767,-63,0,0,0,0,0,0.0,<null>,<null>,55.0,1,1973,Haenel&Zoth1973,Haenel&Zoth1973,lake (oceanic),POINT (13.2767 47.8033)
334,13359,Austria,<null>,Mondsee,47.8083,13.3917,-63,0,0,0,0,2,0.9,<null>,<null>,54.0,1,1973,Haenel&Zoth1973,Haenel&Zoth1973,lake (oceanic),POINT (13.3917 47.8083)
341,13366,Austria,<null>,Mondsee,47.8083,13.3917,-63,0,0,0,0,0,0.0,<null>,<null>,50.0,1,1973,Haenel&Zoth1973,Haenel&Zoth1973,lake (oceanic),POINT (13.3917 47.8083)
344,13369,Austria,<null>,Altausseer See,47.6417,13.7867,-52,0,0,0,0,0,0.94,<null>,<null>,49.0,1,1973,Haenel&Zoth1973,Haenel&Zoth1973,lake (oceanic),POINT (13.7867 47.6417)
345,13370,Austria,<null>,Bleiberg,46.65,12.6333,0,0,0,0,0,0,0.0,<null>,<null>,47.0,<null>,1991,Hurtig_etal1991,Boldizsar1968,borehole,POINT (12.6333 46.65)
347,13372,Austria,<null>,Walchsee,47.6467,12.3283,0,0,0,0,0,0,0.0,<null>,<null>,40.0,<null>,1991,Hurtig_etal1991,Hurtig_etal1991,<null>,POINT (12.3283 47.6467)
348,13373,Austria,<null>,Mittersill,47.2,12.4833,0,0,0,0,0,0,0.0,<null>,<null>,38.0,<null>,1991,Hurtig_etal1991,Hurtig_etal1991,<null>,POINT (12.4833 47.2)
350,13375,Austria,<null>,Arlberg,47.15,10.1333,1300,0,0,12,14,15,4.6,<null>,<null>,,1,0,Clark1961; Haenel&Zoth1973,Boldizsar1968; Shushpanov1966 (102),<null>,POINT (10.1333 47.15)
351,13376,Austria,<null>,Tauern,47.0333,13.15,1200,0,0,11,14,27,3.28,<null>,<null>,,1,0,Clark1961; Haenel&Zoth1973,Clark1961; Haenel&Zoth1973,tunnel,POINT (13.15 47.0333)
1054,20645,FR 139,<null>,Equilles 1,43.4878,5.3167,235,0,5384,6,21,0,2.51,<null>,<null>,54.0,1,1979,Gable1979,Gable1979,borehole,POINT (5.3167 43.4878)
1058,20651,FR 144,<null>,Manosque 1,43.8675,5.7569,453,0,1846,3,28,0,4.18,<null>,<null>,117.0,1,1979,Gable1979,Gable1979,borehole,POINT (5.7569 43.8675)
1060,20653,FR 146,<null>,Montagne de Lure 1,44.1256,5.8497,950,0,4010,5,30,0,2.09,<null>,<null>,63.0,1,1979,Gable1979,Gable1979,borehole,POINT (5.8497 44.1256)
1068,20661,FR 153,<null>,Sigoyer 1,44.3267,5.9206,565,0,600,0,40,0,2.09,<null>,<null>,83.0,1,1979,Gable1979,Gable1979,borehole,POINT (5.9206 44.3267)
1120,20713,FR 200,<null>,SAINT GI,43.6833,4.4333,21,700,900,15,37,9,2.3,<null>,<null>,80.0,1,1983,Subono1983,Gable1980; Vasseur1982,borehole,POINT (4.4333 43.6833)
1121,20714,FR 201,<null>,KIERBON,43.4167,5.6667,0,30,110,11,15,0,2.0,<null>,<null>,30.0,2,1983,Subono1983,Subono1983,borehole,POINT (5.6667 43.4167)
1122,20715,FR 202,<null>,Aurel,44.71,5.2733,310,0,2490,1,34,0,1.95,<null>,<null>,66.0,1,1983,Subono1983,Subono1983,borehole,POINT (5.2733 44.71)
1123,20717,FR 204,<null>,Bouchet,44.3083,4.9183,126,0,1248,1,25,0,2.29,<null>,<null>,57.0,1,1983,Subono1983,Subono1983,borehole,POINT (4.9183 44.3083)
1126,20720,FR 207,<null>,GRANDL,43.8317,5.555,500,0,4983,6,0,0,0.0,<null>,<null>,81.0,1,0,Lucazeau_etal1991; Subono1983,Subono1983,borehole,POINT (5.555 43.8317)
1131,20725,FR 211,<null>,PERNES,43.9733,5.0733,122,0,3077,7,0,0,0.0,<null>,<null>,76.0,<null>,1991,Lucazeau_etal1991,Subono1983,borehole,POINT (5.0733 43.9733)
1141,20735,FR 220,<null>,VAUNAGE,43.7183,4.22,49,0,3957,5,0,0,0.0,<null>,<null>,99.0,1,0,Lucazeau_etal1991; Subono1983,Vasseur1982,borehole,POINT (4.22 43.7183)
1146,20740,FR 227,<null>,CHARNIER,43.6083,4.2883,1,0,2613,4,0,0,0.0,<null>,<null>,97.0,1,1991,Lucazeau_etal1991,Subono1983,borehole,POINT (4.2883 43.6083)
1147,20741,FR 228,<null>,FOS,43.475,4.8783,0,0,1606,2,0,0,0.0,<null>,<null>,60.0,1,0,Lucazeau_etal1991; Subono1983,Lucazeau_etal1991,borehole,POINT (4.8783 43.475)
1148,20742,FR 229,<null>,MARETTE,43.5667,4.1783,1,0,2383,4,0,0,0.0,<null>,<null>,100.0,1,0,Lucazeau_etal1991; Subono1983,Lucazeau_etal1991; Subono1983,borehole,POINT (4.1783 43.5667)
1150,20744,FR 230,<null>,PIERREFE,43.6733,4.3033,67,0,5137,14,0,0,0.0,<null>,<null>,106.0,1,0,Lucazeau_etal1991; Subono1983,Vasseur1982,borehole,POINT (4.3033 43.6733)
1151,20745,FR 231,<null>,VAUVERT,43.6483,4.3033,27,0,3625,7,0,0,0.0,<null>,<null>,109.0,1,0,Lucazeau_etal1991; Subono1983,Lucazeau_etal1991; Subono1983,borehole,POINT (4.3033 43.6483)
1153,20747,FR 233,<null>,CARCES,43.465,6.125,144,0,1839,4,0,0,0.0,<null>,<null>,81.0,1,1991,Lucazeau_etal1991,Subono1983,borehole,POINT (6.125 43.465)
1154,20748,FR 234,<null>,GREOUX,43.7483,5.8833,320,0,1416,3,0,0,0.0,<null>,<null>,113.0,1,0,Lucazeau_etal1991; Subono1983,Lucazeau_etal1991,borehole,POINT (5.8833 43.7483)
1155,20749,FR 235,<null>,JOUQUES,43.6333,5.695,395,0,2474,3,0,0,0.0,<null>,<null>,81.0,1,0,Lucazeau_etal1991; Subono1983,Lucazeau_etal1991; Subono1983,borehole,POINT (5.695 43.6333)
1156,20750,FR 236,<null>,LESMEES,43.995,6.0117,730,0,1760,1,0,0,0.0,<null>,<null>,63.0,1,0,Lucazeau_etal1991; Subono1983,Lucazeau_etal1991; Subono1983,borehole,POINT (6.0117 43.995)
1157,20751,FR 237,<null>,MIRABEA,44.0733,6.0817,692,0,2934,7,0,0,0.0,<null>,<null>,96.0,1,0,Lucazeau_etal1991; Subono1983,Lucazeau_etal1991; Subono1983,borehole,POINT (6.0817 44.0733)
1183,20777,FR 45,<null>,Manosque,43.8647,5.76,477,410,440,10,0,9,4.4,<null>,<null>,101.0,1,1970,Hentinger&Jolivet1970,Hentinger&Jolivet1970,borehole,POINT (5.76 43.8647)
1213,20807,FR 75,<null>,Eyrargues,43.8333,4.8667,95,100,420,33,29,0,1.5,<null>,<null>,46.0,1,1982,Vasseur1982,Vasseur1982,borehole,POINT (4.8667 43.8333)
1221,20815,FR 83,<null>,Vauvert,43.6667,4.3,68,100,500,42,40,0,1.7,<null>,<null>,70.0,1,1982,Vasseur1982,Vasseur1982,borehole,POINT (4.3 43.6667)
1222,20816,FR 84,<null>,Rognes,43.7,5.3333,208,2295,2368,0,0,2,2.7,<null>,<null>,96.0,1,0,Gable1980; Vasseur1982,Vasseur1982,borehole,POINT (5.3333 43.7)
1246,20840,France,<null>,Faucigny,46.2083,6.3567,0,0,0,0,0,0,0.0,<null>,<null>,82.0,1,1984,Bodmer&Rybach1984,Bodmer&Rybach1984,<null>,POINT (6.3567 46.2083)
1264,20858,France,<null>,Lac dAnnecy 1,45.8667,6.1667,376,70,950,10,74,6,1.22,<null>,5.5,,1,1981,Finckh1981,Finckh1981,lake (oceanic),POINT (6.1667 45.8667)
1267,20861,France,<null>,Lac dAnnecy 2,45.8,6.2167,391,55,850,9,48,7,1.11,<null>,5.5,,1,1981,Finckh1981,Finckh1981,lake (oceanic),POINT (6.2167 45.8)
1268,20862,France,<null>,Monte Bianco,45.85,6.8833,1300,0,0,0,23,0,3.18,<null>,<null>,,1,1967,Bossolasco&Palau1967,Rybach_etal1977,borehole,POINT (6.8833 45.85)
1457,21059,Germany,<null>,Peissenberg,47.79,11.0567,592,0,1000,0,0,0,0.0,<null>,<null>,79.0,1,0,Creutzburg1964; Haenel1983,Creutzburg1964; Haenel1983,mine,POINT (11.0567 47.79)
1867,21497,Germany,<null>,Koenigssee 3,47.525,12.9583,-188,0,0,0,171,0,1.1,<null>,<null>,,1,0,Haenel1970; Haenel1983,Haenel1970; Haenel1983,lake (oceanic),POINT (12.9583 47.525)
1868,21498,Germany,<null>,Koenigssee 2,47.525,12.9583,-188,0,0,0,169,0,1.09,<null>,<null>,,1,0,Haenel1970; Haenel1983,Haenel1970; Haenel1983,lake (oceanic),POINT (12.9583 47.525)
1872,21502,Germany,<null>,Koenigssee 1,47.525,12.9583,-177,0,0,0,121,0,1.13,<null>,<null>,,1,0,Haenel1970; Haenel1983,Haenel1970; Haenel1983,lake (oceanic),POINT (12.9583 47.525)
1873,21503,Germany,<null>,Walchensee 1,47.5867,11.355,-193,0,0,0,120,0,0.78,<null>,<null>,,1,0,Haenel1970; Haenel1983,Haenel1970; Haenel1983,lake (oceanic),POINT (11.355 47.5867)
1881,21511,Germany,<null>,Alpensee 2,47.5517,10.725,-38,0,3,0,107,0,0.74,<null>,<null>,,1,0,Haenel1971b; Haenel1983,Haenel1971b; Haenel1983,lake (oceanic),POINT (10.725 47.5517)
1882,21512,Germany,<null>,Alpensee 1,47.5517,10.725,-35,0,3,0,104,0,0.94,<null>,<null>,,1,0,Haenel1971b; Haenel1983,Haenel1971a; Haenel1983,borehole,POINT (10.725 47.5517)
1893,21523,Germany,<null>,Walchensee 2,47.5867,11.355,-192,0,0,0,82,0,0.95,<null>,<null>,,1,0,Haenel1970; Haenel1983,Haenel1970; Haenel1983,lake (oceanic),POINT (11.355 47.5867)
1895,21525,Germany,<null>,Walchensee 3,47.5867,11.355,-193,0,0,0,81,0,0.9,<null>,<null>,,1,0,Haenel1970; Haenel1983,Haenel1970; Haenel1983,lake (oceanic),POINT (11.355 47.5867)
1898,21528,Germany,<null>,Walchensee 4,47.5867,11.355,-145,0,0,0,77,0,1.32,<null>,<null>,,1,0,Haenel1970; Haenel1983,Haenel1970; Haenel1983,lake (oceanic),POINT (11.355 47.5867)
1900,21530,Germany,<null>,Walchensee 5,47.5867,11.355,-113,0,0,0,77,0,0.94,<null>,<null>,,1,0,Haenel1970; Haenel1983,Haenel1970; Haenel1983,lake (oceanic),POINT (11.355 47.5867)
1939,21570,Germany,<null>,Schliersee 1,47.7283,11.8633,-39,0,3,0,12,0,0.87,<null>,<null>,,1,0,Haenel1971b; Haenel1983,Haenel1971b; Haenel1983,lake (oceanic),POINT (11.8633 47.7283)
1940,21571,Germany,<null>,Schliersee 2,47.7283,11.8633,-38,0,3,0,8,0,1.02,<null>,<null>,,1,0,Haenel1971b; Haenel1983,Haenel1971b; Haenel1983,lake (oceanic),POINT (11.8633 47.7283)
2245,25861,Italy,<null>,Monte Bianco,45.85,6.8783,1300,0,0,16,0,0,0.0,<null>,<null>,83.0,1,0,Bossolasco&Palau1965; Haenel1974,Boldizsar1963,borehole,POINT (6.8783 45.85)
2246,25862,Italy,<null>,Chezallet,45.7267,7.4,-100,0,0,0,0,0,0.0,<null>,<null>,82.0,1,1974,Haenel1974,Haenel1974,borehole,POINT (7.4 45.7267)
2248,25864,Italy,<null>,Garda,45.6517,10.675,-243,0,0,0,0,0,0.0,<null>,<null>,80.0,<null>,1974,Haenel1974,Haenel1974,lake (oceanic),POINT (10.675 45.6517)
2249,25865,Italy,<null>,Maggiore,45.865,8.5717,-260,0,0,0,0,0,0.0,<null>,<null>,79.0,<null>,1974,Haenel1974,Haenel1974,lake (oceanic),POINT (8.5717 45.865)
2251,25867,Italy,<null>,Garda,45.6017,10.64,-158,0,0,0,0,0,0.0,<null>,<null>,78.0,<null>,1974,Haenel1974,Haenel1974,lake (oceanic),POINT (10.64 45.6017)
2253,25869,Italy,<null>,Garda,45.5433,10.6083,-163,0,0,0,0,0,0.0,<null>,<null>,77.0,<null>,1974,Haenel1974,Haenel1974,lake (oceanic),POINT (10.6083 45.5433)
2257,25873,Italy,<null>,Garda,45.6883,10.7133,-343,0,0,0,0,0,0.0,<null>,<null>,75.0,<null>,1974,Haenel1974,Haenel1974,lake (oceanic),POINT (10.7133 45.6883)
2260,25876,Italy,<null>,Iseo,45.7617,10.0567,-105,0,0,0,0,0,0.0,<null>,<null>,72.0,<null>,1974,Haenel1974,Haenel1974,lake (oceanic),POINT (10.0567 45.7617)
2261,25877,Italy,<null>,Como,45.975,9.285,-286,0,0,0,0,0,0.0,<null>,<null>,72.0,<null>,1974,Haenel1974,Haenel1974,lake (oceanic),POINT (9.285 45.975)
2262,25878,Italy,<null>,Iseo,45.7083,10.08,-245,0,0,0,0,0,0.0,<null>,<null>,72.0,<null>,1974,Haenel1974,Haenel1974,lake (oceanic),POINT (10.08 45.7083)
2263,25879,Italy,<null>,Como,45.84,9.09,-159,0,0,0,0,0,0.0,<null>,<null>,72.0,<null>,1974,Haenel1974,Haenel1974,lake (oceanic),POINT (9.09 45.84)
2264,25880,Italy,<null>,Como,45.885,9.3483,-148,0,0,0,0,0,0.0,<null>,<null>,71.0,<null>,1974,Haenel1974,Haenel1974,lake (oceanic),POINT (9.3483 45.885)
2266,25882,Italy,<null>,Garda,45.7367,10.7683,-338,0,0,0,0,0,0.0,<null>,<null>,71.0,<null>,1974,Haenel1974,Haenel1974,lake (oceanic),POINT (10.7683 45.7367)
2267,25883,Italy,<null>,Como,45.9533,9.1767,-398,0,0,0,0,0,0.0,<null>,<null>,71.0,<null>,1974,Haenel1974,Haenel1974,lake (oceanic),POINT (9.1767 45.9533)
2271,25887,Italy,<null>,Orta,45.8133,8.3933,-125,0,0,0,0,0,0.0,<null>,<null>,69.0,<null>,1974,Haenel1974,Haenel1974,lake (oceanic),POINT (8.3933 45.8133)
2272,25888,Italy,<null>,Orta,45.8433,8.3917,-125,0,0,0,0,0,0.0,<null>,<null>,68.0,<null>,1974,Haenel1974,Haenel1974,lake (oceanic),POINT (8.3917 45.8433)
2273,25889,Italy,<null>,Maggiore,45.9733,8.6633,-367,0,0,0,0,0,0.0,<null>,<null>,68.0,<null>,1974,Haenel1974,Haenel1974,lake (oceanic),POINT (8.6633 45.9733)
2276,25892,Italy,<null>,Maggiore,45.9217,8.4733,-128,0,0,0,0,0,0.0,<null>,<null>,67.0,<null>,1974,Haenel1974,Haenel1974,lake (oceanic),POINT (8.4733 45.9217)
2277,25893,Italy,<null>,Como,46.1017,9.2983,-220,0,0,0,0,0,0.0,<null>,<null>,65.0,<null>,1974,Haenel1974,Haenel1974,lake (oceanic),POINT (9.298299999999999 46.1017)
2279,25895,Italy,<null>,Maggiore,45.8233,8.5917,-120,0,0,0,0,0,0.0,<null>,<null>,64.0,<null>,1974,Haenel1974,Haenel1974,lake (oceanic),POINT (8.591699999999999 45.8233)
2280,25896,Italy,<null>,Garda,45.785,10.8017,-332,0,0,0,0,0,0.0,<null>,<null>,64.0,<null>,1974,Haenel1974,Haenel1974,lake (oceanic),POINT (10.8017 45.785)
2282,25898,Italy,<null>,Como,45.87,9.1417,-289,0,0,0,0,0,0.0,<null>,<null>,63.0,<null>,1974,Haenel1974,Haenel1974,lake (oceanic),POINT (9.1417 45.87)
2284,25900,Italy,<null>,Mergozzo,45.955,8.4617,-73,0,0,0,0,0,0.0,<null>,<null>,62.0,2,1974,Haenel1974,Haenel1974,lake (oceanic),POINT (8.4617 45.955)
2285,25901,Italy,<null>,Como,46.0333,9.2683,-294,0,0,0,0,0,0.0,<null>,<null>,61.0,<null>,1974,Haenel1974,Haenel1974,lake (oceanic),POINT (9.2683 46.0333)
2286,25902,Italy,<null>,Como,46.135,9.325,-179,0,0,0,0,0,0.0,<null>,<null>,61.0,<null>,1974,Haenel1974,Haenel1974,lake (oceanic),POINT (9.324999999999999 46.135)
2290,25906,Italy,<null>,Maggiore,45.9367,8.615,-343,0,0,0,0,0,0.0,<null>,<null>,58.0,<null>,1974,Haenel1974,Haenel1974,lake (oceanic),POINT (8.615 45.9367)
2293,25909,Italy,<null>,Gerola 1,45.7683,9.4444,0,0,0,0,0,0,0.0,<null>,<null>,55.0,1,1995,Medici&Rybach1995,Medici&Rybach1995,<null>,POINT (9.4444 45.7683)
2318,25934,Italy,<null>,Collereto (Ivrea),45.4383,7.805,-100,0,0,0,0,0,0.0,<null>,<null>,46.0,1,1974,Haenel1974,Haenel1974,lake (oceanic),POINT (7.805 45.4383)
2328,25944,Italy,<null>,Sirio (Ivrea),45.4867,7.885,-46,0,0,0,0,0,0.0,<null>,<null>,43.0,2,1974,Haenel1974,Loddo_etal1973,borehole,POINT (7.885 45.4867)
2404,26020,Italy,<null>,Chero C2,45.9111,9.8556,0,0,0,0,0,0,0.0,<null>,<null>,26.0,1,1995,Medici&Rybach1995,Medici&Rybach1995,<null>,POINT (9.855600000000001 45.9111)
2412,26028,Italy,<null>,Lago di Lugano 6,45.9583,8.895,176,95,1000,11,92,0,0.82,<null>,5.55,,1,1981,Finckh1981,Finckh1981,lake (oceanic),POINT (8.895 45.9583)
2413,26029,Italy,<null>,Lago Maggiore 2,46.0,8.6833,-179,372,800,9,90,7,1.06,<null>,5.9,,1,1981,Finckh1981,Finckh1981,lake (oceanic),POINT (8.683299999999999 46)
2414,26030,Italy,<null>,Lago Maggiore 1,45.9667,8.65,-179,372,950,10,87,7,1.06,<null>,5.9,,1,1981,Finckh1981,Finckh1981,lake (oceanic),POINT (8.65 45.9667)
2415,26031,Italy,<null>,Lago di Garda 2,45.7167,10.7333,-285,350,900,10,69,6,1.2,<null>,7.5,,1,1981,Finckh1981,Finckh1981,lake (oceanic),POINT (10.7333 45.7167)
2416,26032,Italy,<null>,Lago di Lugano 1,46.0083,9.025,-17,288,1000,11,69,10,0.95,<null>,5.55,,1,1981,Finckh1981,Finckh1981,lake (oceanic),POINT (9.025 46.0083)
2417,26033,Italy,<null>,Lago di Lugano 2,46.0167,9.0383,-17,288,1000,11,69,0,0.95,<null>,5.55,,1,1981,Finckh1981,Finckh1981,lake (oceanic),POINT (9.0383 46.0167)
2418,26034,Italy,<null>,Lago di Garda 1,45.6833,10.7167,-285,350,900,10,64,6,1.2,<null>,7.5,,1,1981,Finckh1981,Finckh1981,lake (oceanic),POINT (10.7167 45.6833)
2419,26035,Italy,<null>,Lago di Como Argegno 2,45.9167,9.15,-212,410,1050,11,64,0,1.12,<null>,<null>,,1,1981,Finckh1981,Finckh1981,lake (oceanic),POINT (9.15 45.9167)
2420,26036,Italy,<null>,Lago di Como Menaggio,46.0167,9.2833,-88,286,1050,11,61,8,1.14,<null>,6.1,,1,1981,Finckh1981,Finckh1981,lake (oceanic),POINT (9.283300000000001 46.0167)
2421,26037,Italy,<null>,Lago d Iseo 2,45.7333,10.0667,-62,247,1050,11,58,6,1.21,<null>,5.7,,1,1981,Finckh1981,Finckh1981,lake (oceanic),POINT (10.0667 45.7333)
2422,26038,Italy,<null>,Lago di Como Argegno 1,45.9167,9.15,-212,410,1050,11,58,8,1.15,<null>,<null>,,1,1981,Finckh1981,Finckh1981,lake (oceanic),POINT (9.15 45.9167)
2423,26039,Italy,<null>,Lago d Iseo 1,45.7167,10.0667,-62,247,1050,11,57,6,1.29,<null>,5.7,,1,1981,Finckh1981,Finckh1981,lake (oceanic),POINT (10.0667 45.7167)
2445,29214,Mediterranean Sea,<null>,Santurio (Sav.),44.3433,8.435,0,0,0,0,0,0,0.0,<null>,<null>,95.0,1,0,Haenel&Staroste1988; Mongelli_etal1991,Haenel&Staroste1988; Mongelli_etal1991,<null>,POINT (8.435 44.3433)
2446,29274,Mediterranean Sea,<null>,Chezallet (Aos.),45.7267,7.5617,0,0,0,0,0,0,0.0,<null>,<null>,82.0,1,0,Haenel&Staroste1988; Mongelli_etal1991,Haenel&Staroste1988; Mongelli_etal1991,<null>,POINT (7.5617 45.7267)
3438,42768,Slovenia,<null>,Zrece B-1,46.4,15.4,387,45,500,10,0,0,9.0,<null>,<null>,70.0,<null>,1991,Ravnik1991,Ravnik1991,BHT,POINT (15.4 46.4)
3439,42769,Slovenia,<null>,Zrece B-2,46.4,15.4,373,100,800,104,0,0,8.0,<null>,<null>,68.0,<null>,1991,Ravnik1991,Ravnik1991,BHT,POINT (15.4 46.4)
6237,50521,Switzerland,<null>,Loetschberg SB7,46.4569,7.6861,1390,0,622,0,0,0,0.0,<null>,<null>,130.0,1,1995,Medici&Rybach1995,Medici&Rybach1995,<null>,POINT (7.6861 46.4569)
6256,50540,Switzerland,<null>,Comersee,46.0167,9.2667,0,0,0,0,0,0,0.0,<null>,<null>,103.0,1,1984,Bodmer&Rybach1984,Bodmer&Rybach1984,<null>,POINT (9.2667 46.0167)
6257,50541,Switzerland,<null>,Tuggen,47.2,8.9533,410,0,1300,6,0,3,0.0,<null>,<null>,102.0,1,1982,Bodmer1982,Bodmer1982,borehole,POINT (8.9533 47.2)
6262,50546,Switzerland,<null>,Campo Vallemaggia,46.2889,8.4889,1398,0,252,0,0,0,0.0,<null>,<null>,99.0,1,1995,Medici&Rybach1995,Medici&Rybach1995,<null>,POINT (8.488899999999999 46.2889)
6287,50571,Switzerland,<null>,Entlebuch,46.975,8.1117,1080,0,5230,6,0,5,0.0,<null>,<null>,88.0,1,1982,Bodmer1982,Bodmer1982,borehole,POINT (8.111700000000001 46.975)
6289,50573,Switzerland,<null>,Savigny 1,46.5467,6.7383,840,0,2319,3,0,6,0.0,<null>,<null>,86.0,1,1982,Bodmer1982,Bodmer1982,borehole,POINT (6.7383 46.5467)
6290,50574,Switzerland,<null>,Guspisbach,46.595,8.565,1690,0,519,29,0,1,0.0,<null>,<null>,86.0,1,1982,Bodmer1982,Bodmer1982,borehole,POINT (8.565 46.595)
6291,50575,Switzerland,<null>,Bulle,46.6306,7.05,765,0,800,0,0,0,0.0,<null>,<null>,86.0,1,1995,Medici&Rybach1995,Medici&Rybach1995,<null>,POINT (7.05 46.6306)
6292,50576,Switzerland,<null>,Romanens,46.6583,7.3633,950,0,3820,3,0,10,0.0,<null>,<null>,86.0,1,1982,Bodmer1982,Bodmer1982,borehole,POINT (7.3633 46.6583)
6293,50577,Switzerland,<null>,Romanens 1,46.6583,6.9722,947,0,4022,0,0,0,0.0,<null>,<null>,86.0,1,1995,Medici&Rybach1995,Medici&Rybach1995,<null>,POINT (6.9722 46.6583)
6300,50584,Switzerland,<null>,Loetschberg SB6,46.4861,7.6639,1183,0,550,0,0,0,0.0,<null>,<null>,82.0,1,1995,Medici&Rybach1995,Medici&Rybach1995,<null>,POINT (7.6639 46.4861)
6301,50585,Switzerland,<null>,Thun 1,46.7583,7.7056,1077,0,5952,0,0,0,0.0,<null>,<null>,82.0,1,1995,Medici&Rybach1995,Medici&Rybach1995,<null>,POINT (7.7056 46.7583)
6303,50587,Switzerland,<null>,Palagnedra 3,46.2617,8.6433,1770,0,1270,17,0,2,0.0,<null>,<null>,80.0,1,1984,Bodmer&Rybach1984,Bodmer&Rybach1984,<null>,POINT (8.6433 46.2617)
6304,50588,Switzerland,<null>,Simplon 3,46.2617,8.6433,1770,0,1270,17,0,2,0.0,<null>,<null>,80.0,1,1983,Bodmer1983,Bodmer1983,borehole,POINT (8.6433 46.2617)
6309,50593,Switzerland,<null>,Biaschina,46.4217,8.86,460,0,640,103,0,7,0.0,<null>,<null>,79.0,1,1982,Bodmer1982,Bodmer1982,borehole,POINT (8.859999999999999 46.4217)
6310,50594,Switzerland,<null>,San Bernardino,46.4903,9.1806,1650,0,400,0,0,0,0.0,<null>,<null>,79.0,1,1995,Medici&Rybach1995,Medici&Rybach1995,<null>,POINT (9.1806 46.4903)
6311,50595,Switzerland,<null>,St. Moritz,46.4764,9.8347,1786,0,1562,0,0,0,0.0,<null>,<null>,78.0,1,1995,Medici&Rybach1995,Medici&Rybach1995,<null>,POINT (9.8347 46.4764)
6312,50596,Switzerland,<null>,Balzers,47.0583,9.505,480,27,600,125,0,2,0.0,<null>,<null>,78.0,1,1982,Bodmer1982,Bodmer1982,borehole,POINT (9.505000000000001 47.0583)
6313,50597,Switzerland,<null>,Comersee,45.9167,9.1333,0,0,0,0,0,0,0.0,<null>,<null>,75.0,1,1984,Bodmer&Rybach1984,Bodmer&Rybach1984,<null>,POINT (9.1333 45.9167)
6314,50598,Switzerland,<null>,Simplon 2,46.2717,8.0967,2820,0,2120,54,0,2,0.0,<null>,<null>,75.0,1,1983,Bodmer1983,Bodmer1983,borehole,POINT (8.0967 46.2717)
6317,50601,Switzerland,<null>,Ruears,46.6717,8.7483,1400,75,260,19,0,1,0.0,<null>,<null>,72.0,1,1982,Bodmer1982,Bodmer1982,borehole,POINT (8.7483 46.6717)
6318,50602,Switzerland,<null>,Comersee,45.9167,9.1333,0,0,0,0,0,0,0.0,<null>,<null>,71.0,1,1984,Bodmer&Rybach1984,Bodmer&Rybach1984,<null>,POINT (9.1333 45.9167)
6323,50607,Switzerland,<null>,Gotthard S1,46.645,8.5817,1810,0,690,20,0,3,0.0,<null>,<null>,69.0,1,1983,Bodmer1983,Bodmer1983,borehole,POINT (8.5817 46.645)
6325,50609,Switzerland,<null>,Sevelen 4,47.1317,9.48,450,31,71,41,0,2,0.0,<null>,<null>,69.0,1,1983,Bodmer1983,Bodmer1983,borehole,POINT (9.48 47.1317)
6331,50615,Switzerland,<null>,Loetschberg,46.42,7.7217,2780,0,1540,65,0,1,0.0,<null>,<null>,62.0,1,1983,Bodmer1983,Bodmer1983,borehole,POINT (7.7217 46.42)
6333,50617,Switzerland,<null>,Gotthard B2,46.5817,8.5683,2370,0,1200,18,0,2,0.0,<null>,<null>,60.0,1,1983,Bodmer1983,Bodmer1983,borehole,POINT (8.568300000000001 46.5817)
6335,50619,Switzerland,<null>,Tavanasa,46.6806,9.0,1380,0,900,0,0,0,0.0,<null>,<null>,58.0,1,1995,Medici&Rybach1995,Medici&Rybach1995,<null>,POINT (9 46.6806)
6336,50620,Switzerland,<null>,Malvaglia,46.4267,9.025,980,0,107,76,0,3,0.0,<null>,<null>,57.0,1,1983,Bodmer1983,Bodmer1983,borehole,POINT (9.025 46.4267)
6337,50621,Switzerland,<null>,Sta. Maria,46.59,8.8,1190,0,1187,28,0,1,0.0,<null>,<null>,56.0,1,1982,Bodmer1982,Bodmer1982,borehole,POINT (8.800000000000001 46.59)
6338,50622,Switzerland,<null>,Tujetsch SB1,46.6819,8.7583,1510,0,543,0,0,0,0.0,<null>,<null>,54.0,1,1995,Medici&Rybach1995,Medici&Rybach1995,<null>,POINT (8.7583 46.6819)
6339,50623,Switzerland,<null>,Tujetsch SB2,46.6819,8.7583,1510,0,834,0,0,0,0.0,<null>,<null>,52.0,1,1995,Medici&Rybach1995,Medici&Rybach1995,<null>,POINT (8.7583 46.6819)
6340,50624,Switzerland,<null>,Gotthard B1,46.625,8.5933,1840,0,720,21,0,2,0.0,<null>,<null>,51.0,1,1983,Bodmer1983,Bodmer1983,borehole,POINT (8.593299999999999 46.625)
6341,50625,Switzerland,<null>,Gotthard B3,46.5517,8.6,2400,0,1250,22,0,2,0.0,<null>,<null>,50.0,1,1983,Bodmer1983,Bodmer1983,borehole,POINT (8.6 46.5517)
6342,50626,Switzerland,<null>,Hoelzlisberg,47.345,9.5183,570,20,194,175,0,1,0.0,<null>,<null>,50.0,1,1982,Bodmer1982,Bodmer1982,borehole,POINT (9.5183 47.345)
6343,50627,Switzerland,<null>,Chiggiogna,46.47,8.8217,700,0,305,56,0,1,0.0,<null>,<null>,49.0,1,1982,Bodmer1982,Bodmer1982,borehole,POINT (8.8217 46.47)
6344,50628,Switzerland,<null>,Vereina,46.8267,9.9717,1840,0,485,26,0,1,0.0,<null>,<null>,49.0,1,1982,Bodmer1982,Bodmer1982,borehole,POINT (9.9717 46.8267)
6345,50629,Switzerland,<null>,Verbano 2,46.1483,8.6933,1280,0,850,12,0,2,0.0,<null>,<null>,48.0,1,1983,Bodmer1983,Bodmer1983,borehole,POINT (8.693300000000001 46.1483)
6346,50630,Switzerland,<null>,Palagnedra 1,46.18,8.6367,1270,0,790,13,0,2,0.0,<null>,<null>,48.0,1,1983,Bodmer1983,Bodmer1983,borehole,POINT (8.636699999999999 46.18)
6347,50631,Switzerland,<null>,Simplon 1,46.2617,8.11,2420,0,1710,20,0,4,0.0,<null>,<null>,48.0,1,1983,Bodmer1983,Bodmer1983,borehole,POINT (8.109999999999999 46.2617)
6348,50632,Switzerland,<null>,Lavin,46.7633,10.11,1410,78,333,28,0,1,0.0,<null>,<null>,46.0,1,1982,Bodmer1982,Bodmer1982,borehole,POINT (10.11 46.7633)
6349,50633,Switzerland,<null>,Sevelen 3,47.13,9.4867,460,35,73,38,0,4,0.0,<null>,<null>,46.0,1,1983,Bodmer1983,Bodmer1983,borehole,POINT (9.486700000000001 47.13)
6351,50635,Switzerland,<null>,Gotthard SI,46.58,8.57,2410,0,1240,24,0,2,0.0,<null>,<null>,43.0,1,1983,Bodmer1983,Bodmer1983,borehole,POINT (8.57 46.58)
6353,50637,Switzerland,<null>,Verbano 1,46.1583,8.6633,910,0,480,16,0,2,0.0,<null>,<null>,28.0,1,1983,Bodmer1983,Bodmer1983,borehole,POINT (8.6633 46.1583)
6354,50638,Switzerland,<null>,Furka,46.5317,8.44,2950,0,1460,18,0,2,0.0,<null>,<null>,28.0,1,1983,Bodmer1983,Bodmer1983,borehole,POINT (8.44 46.5317)
6355,50639,Switzerland,<null>,Zugersee 11,47.0917,8.5083,-178,0,2,3,142,0,0.88,<null>,<null>,,1,1974,VonHerzen_etal1974,VonHerzen_etal1974,lake (oceanic),POINT (8.5083 47.0917)
6356,50640,Switzerland,<null>,Zugersee 14,47.0917,8.4833,-195,0,3,3,141,0,0.88,<null>,<null>,,1,1974,VonHerzen_etal1974,VonHerzen_etal1974,lake (oceanic),POINT (8.4833 47.0917)
6359,50643,Switzerland,<null>,Zugersee 12,47.09,8.5033,-194,0,3,3,129,0,0.88,<null>,<null>,,1,1974,VonHerzen_etal1974,VonHerzen_etal1974,lake (oceanic),POINT (8.503299999999999 47.09)
6360,50644,Switzerland,<null>,Zugersee 9,47.0967,8.4867,-187,0,6,5,117,4,0.84,<null>,<null>,,1,1974,VonHerzen_etal1974,VonHerzen_etal1974,lake (oceanic),POINT (8.486700000000001 47.0967)
6362,50646,Switzerland,<null>,Zugersee 10,47.0867,8.505,-197,0,6,4,114,3,0.92,<null>,<null>,,1,1974,VonHerzen_etal1974,VonHerzen_etal1974,lake (oceanic),POINT (8.505000000000001 47.0867)
6364,50648,Switzerland,<null>,Lago di Lugano 4,45.93,8.8967,197,74,1000,11,113,9,0.82,<null>,5.55,,1,1981,Finckh1981,Finckh1981,lake (oceanic),POINT (8.896699999999999 45.93)
6366,50650,Switzerland,<null>,Zugersee 13,47.0883,8.4933,-199,0,3,3,112,0,0.88,<null>,<null>,,1,1974,VonHerzen_etal1974,VonHerzen_etal1974,lake (oceanic),POINT (8.4933 47.0883)
6370,50654,Switzerland,<null>,Lago di Lugano 3,45.9417,8.9533,164,107,1000,11,99,8,0.85,<null>,5.55,,1,1981,Finckh1981,Finckh1981,lake (oceanic),POINT (8.9533 45.9417)
6371,50655,Switzerland,<null>,Vierwaldstaettersee Weggis,47.0167,8.4333,284,150,1000,11,97,8,1.17,<null>,5,,1,1981,Finckh1981,Finckh1981,lake (oceanic),POINT (8.433299999999999 47.0167)
6372,50656,Switzerland,<null>,Zugersee 2,47.1,8.5,216,197,1000,11,96,7,1.11,<null>,4.5,,1,1981,Finckh1981,Finckh1981,lake (oceanic),POINT (8.5 47.1)
6374,50658,Switzerland,<null>,Zugersee 1,47.1,8.5,216,197,1000,11,93,6,1.08,<null>,4.5,,1,1981,Finckh1981,Finckh1981,lake (oceanic),POINT (8.5 47.1)
6375,50659,Switzerland,<null>,Lac Lucern 7,46.98,8.5167,-214,0,5,4,86,3,0.82,<null>,<null>,,1,1974,VonHerzen_etal1974,VonHerzen_etal1974,lake (oceanic),POINT (8.5167 46.98)
6376,50660,Switzerland,<null>,Lac Lucern 6,46.9617,8.6033,-200,0,7,5,78,6,0.88,<null>,<null>,,1,1974,VonHerzen_etal1974,VonHerzen_etal1974,lake (oceanic),POINT (8.603300000000001 46.9617)
6378,50662,Switzerland,<null>,Beckenried 1,46.9833,8.4833,219,215,900,10,71,0,1.17,<null>,<null>,,1,1981,Finckh1981,Finckh1981,lake (oceanic),POINT (8.4833 46.9833)
6380,50664,Switzerland,<null>,Beckenried 2,46.9833,8.5167,219,215,1000,11,61,0,1.22,<null>,<null>,,1,1981,Finckh1981,Finckh1981,lake (oceanic),POINT (8.5167 46.9833)
6383,50667,Switzerland,<null>,Lac Leman 2,46.45,6.5667,62,310,1000,11,50,0,1.2,<null>,5.2,,1,1981,Finckh1981,Finckh1981,lake (oceanic),POINT (6.5667 46.45)
6385,50669,Switzerland,<null>,Lac Leman 1,46.45,6.6167,62,310,1000,11,38,8,1.46,<null>,5.2,,1,1981,Finckh1981,Finckh1981,lake (oceanic),POINT (6.6167 46.45)
6386,50670,Switzerland,<null>,Simplon,46.25,8.1167,700,0,0,21,36,51,2.81,<null>,<null>,,1,1956,Clark&Niblett1956,Clark&Niblett1956,tunnel,POINT (8.1167 46.25)
6387,50671,Switzerland,<null>,Loetschberg,46.4167,7.7,1230,0,0,17,27,47,3.22,<null>,<null>,,1,1956,Clark&Niblett1956,Clark&Niblett1956,tunnel,POINT (7.7 46.4167)
6388,50672,Switzerland,<null>,Gotthard,46.6667,8.6,1150,0,0,11,22,15,2.81,<null>,<null>,,1,1956,Clark&Niblett1956,Eliasson_etal1991,<null>,POINT (8.6 46.6667)
6389,50673,Switzerland,<null>,Guspisbach,46.6,8.5667,1685,280,520,0,0,12,2.73,<null>,4.2,,1,1977,Rybach_etal1977,Clark&Niblett1956,tunnel,POINT (8.566700000000001 46.6)
6676,61050,XM 382,<null>,Carces,43.465,6.125,144,0,0,4,23,0,2.24,<null>,<null>,81.0,<null>,0,Lucazeau_etal1991b; Lucazeau&Mailhe1986,Louden_etal1987,violin bow probe,POINT (6.125 43.465)
6677,61051,XM 382,<null>,Gardanne,43.5,5.2833,248,100,0,47,25,0,2.36,<null>,<null>,61.0,<null>,0,Lucazeau&Mailhe1986; Lucazeau_etal1991b,Lucazeau&Mailhe1986; Lucazeau_etal1991b,ocean,POINT (5.2833 43.5)
6678,61052,XM 382,<null>,La Clue,43.5667,6.5333,280,130,0,8,15,0,3.91,<null>,<null>,57.0,<null>,0,Lucazeau&Mailhe1986; Lucazeau_etal1991b,Lucazeau&Mailhe1986; Lucazeau_etal1991b,ocean,POINT (6.5333 43.5667)
6788,61518,Yugoslavia,<null>,Brdo,46.3,14.4,457,30,100,20,0,0,1.0,<null>,<null>,43.0,<null>,1991,Ravnik1991,Ravnik1991,BHT,POINT (14.4 46.3)
6789,61519,Yugoslavia,<null>,Celje,46.3,15.2,243,20,100,21,0,0,1.0,<null>,<null>,43.0,<null>,1991,Ravnik1991,Ravnik1991,BHT,POINT (15.2 46.3)
